campaign_end,category,change_note,checked_at,condition,detail_found,detail_url,first_condition_note,first_condition_type,first_only,image_url,lsp_at_minimum,miles_at_1_lsp,minimum_spend,previous_cost,service,spend_for_1_lsp,status,unit_miles,unit_yen,warning
2026-09-30,PC・ソフト,,2026/09/30 09:30 JST,200円ごとに 8 マイル,True,https://partner.jal.co.jp/shop/?tp=10661,,,False,https://partner.jal.co.jp/emile/logo/010661_c.jpg,,104,,2600,トレンドマイクロ・オンラインショップ,2600,same,8,200,
2026-09-30,美容・コスメ,,2026/09/30 09:30 JST,400円ごとに 15 マイル,True,https://partner.jal.co.jp/shop/?tp=10829,,,False,https://partner.jal.co.jp/emile/logo/010829_c.jpg,,105,,2800,ピザハット公式サイト,2800,same,15,400,
2026-09-30,美容・コスメ,,2026/09/30 09:30 JST,200円ごとに 7 マイル,True,https://partner.jal.co.jp/shop/?tp=15430,初回購入送料無料。,初回購入のみ,True,https://partner.jal.co.jp/emile/logo/015430_c.jpg,,105,,3000,NARS,3000,same,7,200,
2026-11-01,美容・コスメ,,2026/09/30 09:30 JST,150円ごとに 5 マイル,True,https://partner.jal.co.jp/shop/?tp=10185,,,False,https://partner.jal.co.jp/emile/logo/010185_c.jpg,,100,,3000,ショップジャパン,3000,same,5,150,
2026-09-30,美容・コスメ,,2026/09/30 09:30 JST,100円ごとに 3 マイル,True,https://partner.jal.co.jp/shop/?tp=10657,「定期お届けコース」は初回購入時のみマイル積算対象となります。,定期初回のみ,True,https://partner.jal.co.jp/emile/logo/010657_c.jpg,,102,,3400,サントリーウエルネスオンライン,3400,same,3,100,
2026-09-30,美容・コスメ,,2026/09/30 09:30 JST,100円ごとに 3 マイル,True,https://partner.jal.co.jp/shop/?tp=15416,,,False,https://partner.jal.co.jp/emile/logo/015416_c.jpg,,102,,3400,セフィーヌ 公式オンラインショップ,3400,same,3,100,
2026-09-30,美容・コスメ,,2026/09/30 09:30 JST,100円ごとに 3 マイル,True,https://partner.jal.co.jp/shop/?tp=10406,,,False,https://partner.jal.co.jp/emile/logo/010406_c.jpg,,102,,3400,リンベル公式オンラインストア,3400,same,3,100,
2026-09-30,美容・コスメ,,2026/09/30 09:30 JST,200円ごとに 6 マイル,True,https://partner.jal.co.jp/shop/?tp=10817,（例：資生堂オンラインストアで、初めてトライアルセットをご購入の場合は、マイル積算対象です。,初回条件あり,True,https://partner.jal.co.jp/emile/logo/010817_c.jpg,,102,,3400,資生堂オンラインストア,3400,same,6,200,
2026-09-30,美容・コスメ,,2026/09/30 09:30 JST,200円ごとに 5 マイル,True,https://partner.jal.co.jp/shop/?tp=15442,,,False,https://partner.jal.co.jp/emile/logo/015442_c.jpg,,100,,4000,LUNASOL公式オンラインストア,4000,same,5,200,
2026-11-01,美容・コスメ,,2026/09/30 09:30 JST,100円ごとに 2 マイル,True,https://partner.jal.co.jp/shop/?tp=15256,,,False,https://partner.jal.co.jp/emile/logo/015256_c.jpg,,100,,5000,KKday（ケーケーデイ） WEB予約後、決済完了,5000,same,2,100,
2026-09-30,美容・コスメ,,2026/09/30 09:30 JST,100円ごとに 2 マイル,True,https://partner.jal.co.jp/shop/?tp=15275,,,False,https://partner.jal.co.jp/emile/logo/015275_c.jpg,,100,,5000,iHerb,5000,same,2,100,
2026-09-30,美容・コスメ,,2026/09/30 09:30 JST,100円ごとに 2 マイル,True,https://partner.jal.co.jp/shop/?tp=10771,,,False,https://partner.jal.co.jp/emile/logo/010771_c.jpg,,100,,5000,キールズ公式通販サイト,5000,same,2,100,
2026-09-30,美容・コスメ,,2026/09/30 09:30 JST,100円ごとに 2 マイル,True,https://partner.jal.co.jp/shop/?tp=10705,,,False,https://partner.jal.co.jp/emile/logo/010705_c.jpg,,100,,5000,クロックス オンラインショップ,5000,same,2,100,
2026-09-30,PC・ソフト,,2026/09/30 09:30 JST,100円ごとに 2 マイル,True,https://partner.jal.co.jp/shop/?tp=15160,,,False,https://partner.jal.co.jp/emile/logo/015160_c.jpg,,100,,5000,コール ハーン 公式オンラインストア,5000,same,2,100,
2026-09-30,美容・コスメ,,2026/09/30 09:30 JST,100円ごとに 2 マイル,True,https://partner.jal.co.jp/shop/?tp=10655,,,False,https://partner.jal.co.jp/emile/logo/010655_c.jpg,,100,,5000,セシールオンラインショップ,5000,same,2,100,
2026-09-30,美容・コスメ,,2026/09/30 09:30 JST,100円ごとに 2 マイル,True,https://partner.jal.co.jp/shop/?tp=10706,,,False,https://partner.jal.co.jp/emile/logo/010706_c.jpg,,100,,5000,ロクシタンオンラインショップ,5000,same,2,100,
2026-09-30,PC・ソフト,,2026/09/30 09:30 JST,200円ごとに 3 マイル,True,https://partner.jal.co.jp/shop/?tp=10758,,,False,https://partner.jal.co.jp/emile/logo/010758_c.jpg,,102,,6800,HP Directplus,6800,same,3,200,
2026-11-15,美容・コスメ,,2026/09/30 09:30 JST,200円ごとに 2 マイル,True,https://partner.jal.co.jp/shop/?tp=15445,,,False,https://partner.jal.co.jp/emile/logo/015445_c.jpg,,100,,10000,オリーブヤング公式ストア,10000,same,2,200,
2026-09-30,PC・ソフト,,2026/09/30 09:30 JST,200円ごとに 2 マイル,True,https://partner.jal.co.jp/shop/?tp=10310,,,False,https://partner.jal.co.jp/emile/logo/010310_c.jpg,0.2,100,2000,10000,サンワダイレクト,10000,same,2,200,
2026-09-30,PC・ソフト,,2026/09/30 09:30 JST,300円ごとに 3 マイル,True,https://partner.jal.co.jp/shop/?tp=15411,,,False,https://partner.jal.co.jp/emile/logo/015411_c.jpg,,102,,10200,Samsungオンラインショップ,10200,same,3,300,
